rank,uid,title,year,venue,url,problem_claimed,actual_mechanism,hidden_assumptions,variables_treated_as_fixed,failure_modes_ignored,what_it_makes_less_novel,what_it_leaves_open
1,doi:10.1609/aaai.v40i47.41353,Data-Efficient and Contact-Rich Manipulation Through Diffusion Augmentation and Vision-Language Models,2026,Proceedings of the AAAI Conference on Artificial Intelligence,https://doi.org/10.1609/aaai.v40i47.41353,Addresses world-action models for contact-rich manipulation or a neighboring robotics mechanism.,"Prior work usually predicts, ranks, filters, or imitates observed behavior rather than preserving unrealized branches.",The observed outcome is enough to supervise the model.,"Contact mode support, embodiment limits, and deployment perturbations.","Branch collapse, hidden-mode shift, and tail-risk planning failures.",Generic world models and generic uncertainty are crowded.,Wam contact counterfactuals keeps action-critical alternatives explicit until a physical observation collapses them.
2,arxiv:2603.19201v2,OmniVTA: Visuo-Tactile World Modeling for Contact-Rich Robotic Manipulation,2026,arXiv,http://arxiv.org/abs/2603.19201v2,Addresses world-action models for contact-rich manipulation or a neighboring robotics mechanism.,"Prior work usually predicts, ranks, filters, or imitates observed behavior rather than preserving unrealized branches.",The observed outcome is enough to supervise the model.,"Contact mode support, embodiment limits, and deployment perturbations.","Branch collapse, hidden-mode shift, and tail-risk planning failures.",Generic world models and generic uncertainty are crowded.,Wam contact counterfactuals keeps action-critical alternatives explicit until a physical observation collapses them.
3,arxiv:2512.23864v3,Learning to Feel the Future: DreamTacVLA for Contact-Rich Manipulation,2025,arXiv,http://arxiv.org/abs/2512.23864v3,Addresses world-action models for contact-rich manipulation or a neighboring robotics mechanism.,"Prior work usually predicts, ranks, filters, or imitates observed behavior rather than preserving unrealized branches.",The observed outcome is enough to supervise the model.,"Contact mode support, embodiment limits, and deployment perturbations.","Branch collapse, hidden-mode shift, and tail-risk planning failures.",Generic world models and generic uncertainty are crowded.,Wam contact counterfactuals keeps action-critical alternatives explicit until a physical observation collapses them.
4,arxiv:2505.22159v3,ForceVLA: Enhancing VLA Models with a Force-aware MoE for Contact-rich Manipulation,2025,arXiv,http://arxiv.org/abs/2505.22159v3,Addresses world-action models for contact-rich manipulation or a neighboring robotics mechanism.,"Prior work usually predicts, ranks, filters, or imitates observed behavior rather than preserving unrealized branches.",The observed outcome is enough to supervise the model.,"Contact mode support, embodiment limits, and deployment perturbations.","Branch collapse, hidden-mode shift, and tail-risk planning failures.",Generic world models and generic uncertainty are crowded.,Wam contact counterfactuals keeps action-critical alternatives explicit until a physical observation collapses them.
5,arxiv:2603.17851v1,DexViTac: Collecting Human Visuo-Tactile-Kinematic Demonstrations for Contact-Rich Dexterous Manipulation,2026,arXiv,http://arxiv.org/abs/2603.17851v1,Addresses world-action models for contact-rich manipulation or a neighboring robotics mechanism.,"Prior work usually predicts, ranks, filters, or imitates observed behavior rather than preserving unrealized branches.",The observed outcome is enough to supervise the model.,"Contact mode support, embodiment limits, and deployment perturbations.","Branch collapse, hidden-mode shift, and tail-risk planning failures.",Generic world models and generic uncertainty are crowded.,Wam contact counterfactuals keeps action-critical alternatives explicit until a physical observation collapses them.
6,arxiv:2412.02676v2,Planning-Guided Diffusion Policy Learning for Generalizable Contact-Rich Bimanual Manipulation,2024,arXiv,http://arxiv.org/abs/2412.02676v2,Addresses world-action models for contact-rich manipulation or a neighboring robotics mechanism.,"Prior work usually predicts, ranks, filters, or imitates observed behavior rather than preserving unrealized branches.",The observed outcome is enough to supervise the model.,"Contact mode support, embodiment limits, and deployment perturbations.","Branch collapse, hidden-mode shift, and tail-risk planning failures.",Generic world models and generic uncertainty are crowded.,Wam contact counterfactuals keeps action-critical alternatives explicit until a physical observation collapses them.
7,arxiv:2304.11801v1,Efficient Robot Skill Learning with Imitation from a Single Video for Contact-Rich Fabric Manipulation,2023,arXiv,http://arxiv.org/abs/2304.11801v1,Addresses world-action models for contact-rich manipulation or a neighboring robotics mechanism.,"Prior work usually predicts, ranks, filters, or imitates observed behavior rather than preserving unrealized branches.",The observed outcome is enough to supervise the model.,"Contact mode support, embodiment limits, and deployment perturbations.","Branch collapse, hidden-mode shift, and tail-risk planning failures.",Generic world models and generic uncertainty are crowded.,Wam contact counterfactuals keeps action-critical alternatives explicit until a physical observation collapses them.
8,doi:10.21203/rs.3.rs-7347334/v1,Co-Training Multimodal World Models and Diffusion-Guided Policies for Zero-Shot Contact- Rich Manipulation,,,https://doi.org/10.21203/rs.3.rs-7347334/v1,Addresses world-action models for contact-rich manipulation or a neighboring robotics mechanism.,"Prior work usually predicts, ranks, filters, or imitates observed behavior rather than preserving unrealized branches.",The observed outcome is enough to supervise the model.,"Contact mode support, embodiment limits, and deployment perturbations.","Branch collapse, hidden-mode shift, and tail-risk planning failures.",Generic world models and generic uncertainty are crowded.,Wam contact counterfactuals keeps action-critical alternatives explicit until a physical observation collapses them.
9,arxiv:2209.10486v2,An Open Tele-Impedance Framework to Generate Data for Contact-Rich Tasks in Robotic Manipulation,2022,arXiv,http://arxiv.org/abs/2209.10486v2,Addresses world-action models for contact-rich manipulation or a neighboring robotics mechanism.,"Prior work usually predicts, ranks, filters, or imitates observed behavior rather than preserving unrealized branches.",The observed outcome is enough to supervise the model.,"Contact mode support, embodiment limits, and deployment perturbations.","Branch collapse, hidden-mode shift, and tail-risk planning failures.",Generic world models and generic uncertainty are crowded.,Wam contact counterfactuals keeps action-critical alternatives explicit until a physical observation collapses them.
10,arxiv:2510.10637v1,High-Fidelity Simulated Data Generation for Real-World Zero-Shot Robotic Manipulation Learning with Gaussian Splatting,2025,arXiv,http://arxiv.org/abs/2510.10637v1,Addresses world-action models for contact-rich manipulation or a neighboring robotics mechanism.,"Prior work usually predicts, ranks, filters, or imitates observed behavior rather than preserving unrealized branches.",The observed outcome is enough to supervise the model.,"Contact mode support, embodiment limits, and deployment perturbations.","Branch collapse, hidden-mode shift, and tail-risk planning failures.",Generic world models and generic uncertainty are crowded.,Wam contact counterfactuals keeps action-critical alternatives explicit until a physical observation collapses them.
11,doi:10.1111/joms.12709,Researching for Desirable Futures: From Real Utopias to Imagining Alternatives,2021,Journal of Management Studies,https://doi.org/10.1111/joms.12709,Addresses world-action models for contact-rich manipulation or a neighboring robotics mechanism.,"Prior work usually predicts, ranks, filters, or imitates observed behavior rather than preserving unrealized branches.",The observed outcome is enough to supervise the model.,"Contact mode support, embodiment limits, and deployment perturbations.","Branch collapse, hidden-mode shift, and tail-risk planning failures.",Generic world models and generic uncertainty are crowded.,Wam contact counterfactuals keeps action-critical alternatives explicit until a physical observation collapses them.
12,arxiv:2606.08555v1,FAWAM: Force-Aware World Action Models for Closed-Loop Contact-Rich Manipulation,2026,arXiv,http://arxiv.org/abs/2606.08555v1,Addresses world-action models for contact-rich manipulation or a neighboring robotics mechanism.,"Prior work usually predicts, ranks, filters, or imitates observed behavior rather than preserving unrealized branches.",The observed outcome is enough to supervise the model.,"Contact mode support, embodiment limits, and deployment perturbations.","Branch collapse, hidden-mode shift, and tail-risk planning failures.",Generic world models and generic uncertainty are crowded.,Wam contact counterfactuals keeps action-critical alternatives explicit until a physical observation collapses them.
13,arxiv:2506.16685v5,Compliant Residual DAgger: Improving Real-World Contact-Rich Manipulation with Human Corrections,2025,arXiv,http://arxiv.org/abs/2506.16685v5,Addresses world-action models for contact-rich manipulation or a neighboring robotics mechanism.,"Prior work usually predicts, ranks, filters, or imitates observed behavior rather than preserving unrealized branches.",The observed outcome is enough to supervise the model.,"Contact mode support, embodiment limits, and deployment perturbations.","Branch collapse, hidden-mode shift, and tail-risk planning failures.",Generic world models and generic uncertainty are crowded.,Wam contact counterfactuals keeps action-critical alternatives explicit until a physical observation collapses them.
14,arxiv:2601.18629v1,ExoGS: A 4D Real-to-Sim-to-Real Framework for Scalable Manipulation Data Collection,2026,arXiv,http://arxiv.org/abs/2601.18629v1,Addresses world-action models for contact-rich manipulation or a neighboring robotics mechanism.,"Prior work usually predicts, ranks, filters, or imitates observed behavior rather than preserving unrealized branches.",The observed outcome is enough to supervise the model.,"Contact mode support, embodiment limits, and deployment perturbations.","Branch collapse, hidden-mode shift, and tail-risk planning failures.",Generic world models and generic uncertainty are crowded.,Wam contact counterfactuals keeps action-critical alternatives explicit until a physical observation collapses them.
15,arxiv:2606.11184v1,TacForeSight: Force-Guided Tactile World Model for Contact-Rich Manipulation,2026,arXiv,http://arxiv.org/abs/2606.11184v1,Addresses world-action models for contact-rich manipulation or a neighboring robotics mechanism.,"Prior work usually predicts, ranks, filters, or imitates observed behavior rather than preserving unrealized branches.",The observed outcome is enough to supervise the model.,"Contact mode support, embodiment limits, and deployment perturbations.","Branch collapse, hidden-mode shift, and tail-risk planning failures.",Generic world models and generic uncertainty are crowded.,Wam contact counterfactuals keeps action-critical alternatives explicit until a physical observation collapses them.
16,arxiv:2605.17601v1,From a Single Demonstration to a General Policy for Contact-Rich Manipulation,2026,arXiv,http://arxiv.org/abs/2605.17601v1,Addresses world-action models for contact-rich manipulation or a neighboring robotics mechanism.,"Prior work usually predicts, ranks, filters, or imitates observed behavior rather than preserving unrealized branches.",The observed outcome is enough to supervise the model.,"Contact mode support, embodiment limits, and deployment perturbations.","Branch collapse, hidden-mode shift, and tail-risk planning failures.",Generic world models and generic uncertainty are crowded.,Wam contact counterfactuals keeps action-critical alternatives explicit until a physical observation collapses them.
17,arxiv:2603.10451v1,FAR-Dex: Few-shot Data Augmentation and Adaptive Residual Policy Refinement for Dexterous Manipulation,2026,arXiv,http://arxiv.org/abs/2603.10451v1,Addresses world-action models for contact-rich manipulation or a neighboring robotics mechanism.,"Prior work usually predicts, ranks, filters, or imitates observed behavior rather than preserving unrealized branches.",The observed outcome is enough to supervise the model.,"Contact mode support, embodiment limits, and deployment perturbations.","Branch collapse, hidden-mode shift, and tail-risk planning failures.",Generic world models and generic uncertainty are crowded.,Wam contact counterfactuals keeps action-critical alternatives explicit until a physical observation collapses them.
18,arxiv:2410.17246v2,"Learning Precise, Contact-Rich Manipulation through Uncalibrated Tactile Skins",2024,arXiv,http://arxiv.org/abs/2410.17246v2,Addresses world-action models for contact-rich manipulation or a neighboring robotics mechanism.,"Prior work usually predicts, ranks, filters, or imitates observed behavior rather than preserving unrealized branches.",The observed outcome is enough to supervise the model.,"Contact mode support, embodiment limits, and deployment perturbations.","Branch collapse, hidden-mode shift, and tail-risk planning failures.",Generic world models and generic uncertainty are crowded.,Wam contact counterfactuals keeps action-critical alternatives explicit until a physical observation collapses them.
19,arxiv:2310.10509v1,Efficient Sim-to-real Transfer of Contact-Rich Manipulation Skills with Online Admittance Residual Learning,2023,arXiv,http://arxiv.org/abs/2310.10509v1,Addresses world-action models for contact-rich manipulation or a neighboring robotics mechanism.,"Prior work usually predicts, ranks, filters, or imitates observed behavior rather than preserving unrealized branches.",The observed outcome is enough to supervise the model.,"Contact mode support, embodiment limits, and deployment perturbations.","Branch collapse, hidden-mode shift, and tail-risk planning failures.",Generic world models and generic uncertainty are crowded.,Wam contact counterfactuals keeps action-critical alternatives explicit until a physical observation collapses them.
20,doi:10.1525/elementa.2025.00089,Validating existing LDAR simulators using real-world data from British Columbia: A comparative study of FEAST and LDAR-Sim,2026,Elem Sci Anth,https://doi.org/10.1525/elementa.2025.00089,Addresses world-action models for contact-rich manipulation or a neighboring robotics mechanism.,"Prior work usually predicts, ranks, filters, or imitates observed behavior rather than preserving unrealized branches.",The observed outcome is enough to supervise the model.,"Contact mode support, embodiment limits, and deployment perturbations.","Branch collapse, hidden-mode shift, and tail-risk planning failures.",Generic world models and generic uncertainty are crowded.,Wam contact counterfactuals keeps action-critical alternatives explicit until a physical observation collapses them.
21,doi:10.3390/s26113541,Sensing the Action: Rethinking Sensor Modalities and Multi-Modal Fusion in Vision–Language–Action Models for Robotic Manipulation,2026,Sensors,https://doi.org/10.3390/s26113541,Addresses world-action models for contact-rich manipulation or a neighboring robotics mechanism.,"Prior work usually predicts, ranks, filters, or imitates observed behavior rather than preserving unrealized branches.",The observed outcome is enough to supervise the model.,"Contact mode support, embodiment limits, and deployment perturbations.","Branch collapse, hidden-mode shift, and tail-risk planning failures.",Generic world models and generic uncertainty are crowded.,Wam contact counterfactuals keeps action-critical alternatives explicit until a physical observation collapses them.
22,doi:10.1177/02783649251398875,Dexterous contact-rich manipulation via the contact trust region,2026,The International Journal of Robotics Research,https://doi.org/10.1177/02783649251398875,Addresses world-action models for contact-rich manipulation or a neighboring robotics mechanism.,"Prior work usually predicts, ranks, filters, or imitates observed behavior rather than preserving unrealized branches.",The observed outcome is enough to supervise the model.,"Contact mode support, embodiment limits, and deployment perturbations.","Branch collapse, hidden-mode shift, and tail-risk planning failures.",Generic world models and generic uncertainty are crowded.,Wam contact counterfactuals keeps action-critical alternatives explicit until a physical observation collapses them.
23,arxiv:2512.01946v3,Scaling Cross-Environment Failure Reasoning Data for Vision-Language Robotic Manipulation,2025,arXiv,http://arxiv.org/abs/2512.01946v3,Addresses world-action models for contact-rich manipulation or a neighboring robotics mechanism.,"Prior work usually predicts, ranks, filters, or imitates observed behavior rather than preserving unrealized branches.",The observed outcome is enough to supervise the model.,"Contact mode support, embodiment limits, and deployment perturbations.","Branch collapse, hidden-mode shift, and tail-risk planning failures.",Generic world models and generic uncertainty are crowded.,Wam contact counterfactuals keeps action-critical alternatives explicit until a physical observation collapses them.
24,arxiv:2102.11825v1,Interpretability in Contact-Rich Manipulation via Kinodynamic Images,2021,arXiv,http://arxiv.org/abs/2102.11825v1,Addresses world-action models for contact-rich manipulation or a neighboring robotics mechanism.,"Prior work usually predicts, ranks, filters, or imitates observed behavior rather than preserving unrealized branches.",The observed outcome is enough to supervise the model.,"Contact mode support, embodiment limits, and deployment perturbations.","Branch collapse, hidden-mode shift, and tail-risk planning failures.",Generic world models and generic uncertainty are crowded.,Wam contact counterfactuals keeps action-critical alternatives explicit until a physical observation collapses them.
25,doi:10.1017/dce.2025.10021,Quasi-static contact-rich manipulation using dynamic movement primitives and haptic potential map,2025,Data-Centric Engineering,https://doi.org/10.1017/dce.2025.10021,Addresses world-action models for contact-rich manipulation or a neighboring robotics mechanism.,"Prior work usually predicts, ranks, filters, or imitates observed behavior rather than preserving unrealized branches.",The observed outcome is enough to supervise the model.,"Contact mode support, embodiment limits, and deployment perturbations.","Branch collapse, hidden-mode shift, and tail-risk planning failures.",Generic world models and generic uncertainty are crowded.,Wam contact counterfactuals keeps action-critical alternatives explicit until a physical observation collapses them.
26,arxiv:2505.02291v4,Dexterous Contact-Rich Manipulation via the Contact Trust Region,2025,arXiv,http://arxiv.org/abs/2505.02291v4,Addresses world-action models for contact-rich manipulation or a neighboring robotics mechanism.,"Prior work usually predicts, ranks, filters, or imitates observed behavior rather than preserving unrealized branches.",The observed outcome is enough to supervise the model.,"Contact mode support, embodiment limits, and deployment perturbations.","Branch collapse, hidden-mode shift, and tail-risk planning failures.",Generic world models and generic uncertainty are crowded.,Wam contact counterfactuals keeps action-critical alternatives explicit until a physical observation collapses them.
27,arxiv:2509.19047v1,ManipForce: Force-Guided Policy Learning with Frequency-Aware Representation for Contact-Rich Manipulation,2025,arXiv,http://arxiv.org/abs/2509.19047v1,Addresses world-action models for contact-rich manipulation or a neighboring robotics mechanism.,"Prior work usually predicts, ranks, filters, or imitates observed behavior rather than preserving unrealized branches.",The observed outcome is enough to supervise the model.,"Contact mode support, embodiment limits, and deployment perturbations.","Branch collapse, hidden-mode shift, and tail-risk planning failures.",Generic world models and generic uncertainty are crowded.,Wam contact counterfactuals keeps action-critical alternatives explicit until a physical observation collapses them.
28,arxiv:2403.08716v1,DIFFTACTILE: A Physics-based Differentiable Tactile Simulator for Contact-rich Robotic Manipulation,2024,arXiv,http://arxiv.org/abs/2403.08716v1,Addresses world-action models for contact-rich manipulation or a neighboring robotics mechanism.,"Prior work usually predicts, ranks, filters, or imitates observed behavior rather than preserving unrealized branches.",The observed outcome is enough to supervise the model.,"Contact mode support, embodiment limits, and deployment perturbations.","Branch collapse, hidden-mode shift, and tail-risk planning failures.",Generic world models and generic uncertainty are crowded.,Wam contact counterfactuals keeps action-critical alternatives explicit until a physical observation collapses them.
29,arxiv:2603.09030v3,PlayWorld: Learning Robot World Models from Autonomous Play,2026,arXiv,http://arxiv.org/abs/2603.09030v3,Addresses world-action models for contact-rich manipulation or a neighboring robotics mechanism.,"Prior work usually predicts, ranks, filters, or imitates observed behavior rather than preserving unrealized branches.",The observed outcome is enough to supervise the model.,"Contact mode support, embodiment limits, and deployment perturbations.","Branch collapse, hidden-mode shift, and tail-risk planning failures.",Generic world models and generic uncertainty are crowded.,Wam contact counterfactuals keeps action-critical alternatives explicit until a physical observation collapses them.
30,arxiv:2606.08737v1,Dream-Tac: A Unified Tactile World Action Model for Contact-Rich Robot Manipulation,2026,arXiv,http://arxiv.org/abs/2606.08737v1,Addresses world-action models for contact-rich manipulation or a neighboring robotics mechanism.,"Prior work usually predicts, ranks, filters, or imitates observed behavior rather than preserving unrealized branches.",The observed outcome is enough to supervise the model.,"Contact mode support, embodiment limits, and deployment perturbations.","Branch collapse, hidden-mode shift, and tail-risk planning failures.",Generic world models and generic uncertainty are crowded.,Wam contact counterfactuals keeps action-critical alternatives explicit until a physical observation collapses them.
31,arxiv:2604.23609v1,Tube Diffusion Policy: Reactive Visual-Tactile Policy Learning for Contact-rich Manipulation,2026,arXiv,http://arxiv.org/abs/2604.23609v1,Addresses world-action models for contact-rich manipulation or a neighboring robotics mechanism.,"Prior work usually predicts, ranks, filters, or imitates observed behavior rather than preserving unrealized branches.",The observed outcome is enough to supervise the model.,"Contact mode support, embodiment limits, and deployment perturbations.","Branch collapse, hidden-mode shift, and tail-risk planning failures.",Generic world models and generic uncertainty are crowded.,Wam contact counterfactuals keeps action-critical alternatives explicit until a physical observation collapses them.
32,arxiv:2602.14434v1,A Soft Wrist with Anisotropic and Selectable Stiffness for Robust Robot Learning in Contact-rich Manipulation,2026,arXiv,http://arxiv.org/abs/2602.14434v1,Addresses world-action models for contact-rich manipulation or a neighboring robotics mechanism.,"Prior work usually predicts, ranks, filters, or imitates observed behavior rather than preserving unrealized branches.",The observed outcome is enough to supervise the model.,"Contact mode support, embodiment limits, and deployment perturbations.","Branch collapse, hidden-mode shift, and tail-risk planning failures.",Generic world models and generic uncertainty are crowded.,Wam contact counterfactuals keeps action-critical alternatives explicit until a physical observation collapses them.
33,arxiv:2603.15169v1,ForceVLA2: Unleashing Hybrid Force-Position Control with Force Awareness for Contact-Rich Manipulation,2026,arXiv,http://arxiv.org/abs/2603.15169v1,Addresses world-action models for contact-rich manipulation or a neighboring robotics mechanism.,"Prior work usually predicts, ranks, filters, or imitates observed behavior rather than preserving unrealized branches.",The observed outcome is enough to supervise the model.,"Contact mode support, embodiment limits, and deployment perturbations.","Branch collapse, hidden-mode shift, and tail-risk planning failures.",Generic world models and generic uncertainty are crowded.,Wam contact counterfactuals keeps action-critical alternatives explicit until a physical observation collapses them.
34,doi:10.1108/ria-02-2023-0018,Implicit contact-rich manipulation planning for a manipulator with insufficient payload,2023,Robotic Intelligence and Automation,https://doi.org/10.1108/ria-02-2023-0018,Addresses world-action models for contact-rich manipulation or a neighboring robotics mechanism.,"Prior work usually predicts, ranks, filters, or imitates observed behavior rather than preserving unrealized branches.",The observed outcome is enough to supervise the model.,"Contact mode support, embodiment limits, and deployment perturbations.","Branch collapse, hidden-mode shift, and tail-risk planning failures.",Generic world models and generic uncertainty are crowded.,Wam contact counterfactuals keeps action-critical alternatives explicit until a physical observation collapses them.
35,arxiv:2208.00596v1,A System for Imitation Learning of Contact-Rich Bimanual Manipulation Policies,2022,arXiv,http://arxiv.org/abs/2208.00596v1,Addresses world-action models for contact-rich manipulation or a neighboring robotics mechanism.,"Prior work usually predicts, ranks, filters, or imitates observed behavior rather than preserving unrealized branches.",The observed outcome is enough to supervise the model.,"Contact mode support, embodiment limits, and deployment perturbations.","Branch collapse, hidden-mode shift, and tail-risk planning failures.",Generic world models and generic uncertainty are crowded.,Wam contact counterfactuals keeps action-critical alternatives explicit until a physical observation collapses them.
36,arxiv:2509.18830v1,DexSkin: High-Coverage Conformable Robotic Skin for Learning Contact-Rich Manipulation,2025,arXiv,http://arxiv.org/abs/2509.18830v1,Addresses world-action models for contact-rich manipulation or a neighboring robotics mechanism.,"Prior work usually predicts, ranks, filters, or imitates observed behavior rather than preserving unrealized branches.",The observed outcome is enough to supervise the model.,"Contact mode support, embodiment limits, and deployment perturbations.","Branch collapse, hidden-mode shift, and tail-risk planning failures.",Generic world models and generic uncertainty are crowded.,Wam contact counterfactuals keeps action-critical alternatives explicit until a physical observation collapses them.
37,arxiv:2602.12532v1,CRAFT: Adapting VLA Models to Contact-rich Manipulation via Force-aware Curriculum Fine-tuning,2026,arXiv,http://arxiv.org/abs/2602.12532v1,Addresses world-action models for contact-rich manipulation or a neighboring robotics mechanism.,"Prior work usually predicts, ranks, filters, or imitates observed behavior rather than preserving unrealized branches.",The observed outcome is enough to supervise the model.,"Contact mode support, embodiment limits, and deployment perturbations.","Branch collapse, hidden-mode shift, and tail-risk planning failures.",Generic world models and generic uncertainty are crowded.,Wam contact counterfactuals keeps action-critical alternatives explicit until a physical observation collapses them.
38,arxiv:2409.11863v2,LEMMo-Plan: LLM-Enhanced Learning from Multi-Modal Demonstration for Planning Sequential Contact-Rich Manipulation Tasks,2024,arXiv,http://arxiv.org/abs/2409.11863v2,Addresses world-action models for contact-rich manipulation or a neighboring robotics mechanism.,"Prior work usually predicts, ranks, filters, or imitates observed behavior rather than preserving unrealized branches.",The observed outcome is enough to supervise the model.,"Contact mode support, embodiment limits, and deployment perturbations.","Branch collapse, hidden-mode shift, and tail-risk planning failures.",Generic world models and generic uncertainty are crowded.,Wam contact counterfactuals keeps action-critical alternatives explicit until a physical observation collapses them.
39,doi:10.20944/preprints202605.1763.v1,SymBridge: Bilateral-Symmetry-Aware Vision–Language–Action Learning with Head-Mounted Display Teleoperation for Sim2Real Transfer in Bimanual Manipulation,,,https://doi.org/10.20944/preprints202605.1763.v1,Addresses world-action models for contact-rich manipulation or a neighboring robotics mechanism.,"Prior work usually predicts, ranks, filters, or imitates observed behavior rather than preserving unrealized branches.",The observed outcome is enough to supervise the model.,"Contact mode support, embodiment limits, and deployment perturbations.","Branch collapse, hidden-mode shift, and tail-risk planning failures.",Generic world models and generic uncertainty are crowded.,Wam contact counterfactuals keeps action-critical alternatives explicit until a physical observation collapses them.
40,doi:10.1177/02783649251344638,Robust contact-rich manipulation through implicit motor adaptation,2026,The International Journal of Robotics Research,https://doi.org/10.1177/02783649251344638,Addresses world-action models for contact-rich manipulation or a neighboring robotics mechanism.,"Prior work usually predicts, ranks, filters, or imitates observed behavior rather than preserving unrealized branches.",The observed outcome is enough to supervise the model.,"Contact mode support, embodiment limits, and deployment perturbations.","Branch collapse, hidden-mode shift, and tail-risk planning failures.",Generic world models and generic uncertainty are crowded.,Wam contact counterfactuals keeps action-critical alternatives explicit until a physical observation collapses them.
41,arxiv:2409.12514v5,"TinyVLA: Towards Fast, Data-Efficient Vision-Language-Action Models for Robotic Manipulation",2024,arXiv,http://arxiv.org/abs/2409.12514v5,Addresses world-action models for contact-rich manipulation or a neighboring robotics mechanism.,"Prior work usually predicts, ranks, filters, or imitates observed behavior rather than preserving unrealized branches.",The observed outcome is enough to supervise the model.,"Contact mode support, embodiment limits, and deployment perturbations.","Branch collapse, hidden-mode shift, and tail-risk planning failures.",Generic world models and generic uncertainty are crowded.,Wam contact counterfactuals keeps action-critical alternatives explicit until a physical observation collapses them.
42,arxiv:2604.13015v2,Learning Versatile Humanoid Manipulation with Touch Dreaming,2026,arXiv,http://arxiv.org/abs/2604.13015v2,Addresses world-action models for contact-rich manipulation or a neighboring robotics mechanism.,"Prior work usually predicts, ranks, filters, or imitates observed behavior rather than preserving unrealized branches.",The observed outcome is enough to supervise the model.,"Contact mode support, embodiment limits, and deployment perturbations.","Branch collapse, hidden-mode shift, and tail-risk planning failures.",Generic world models and generic uncertainty are crowded.,Wam contact counterfactuals keeps action-critical alternatives explicit until a physical observation collapses them.
43,arxiv:2502.20396v2,Sim-to-Real Reinforcement Learning for Vision-Based Dexterous Manipulation on Humanoids,2025,arXiv,http://arxiv.org/abs/2502.20396v2,Addresses world-action models for contact-rich manipulation or a neighboring robotics mechanism.,"Prior work usually predicts, ranks, filters, or imitates observed behavior rather than preserving unrealized branches.",The observed outcome is enough to supervise the model.,"Contact mode support, embodiment limits, and deployment perturbations.","Branch collapse, hidden-mode shift, and tail-risk planning failures.",Generic world models and generic uncertainty are crowded.,Wam contact counterfactuals keeps action-critical alternatives explicit until a physical observation collapses them.
44,arxiv:2506.01941v4,FreeTacMan: Robot-free Visuo-Tactile Data Collection System for Contact-rich Manipulation,2025,arXiv,http://arxiv.org/abs/2506.01941v4,Addresses world-action models for contact-rich manipulation or a neighboring robotics mechanism.,"Prior work usually predicts, ranks, filters, or imitates observed behavior rather than preserving unrealized branches.",The observed outcome is enough to supervise the model.,"Contact mode support, embodiment limits, and deployment perturbations.","Branch collapse, hidden-mode shift, and tail-risk planning failures.",Generic world models and generic uncertainty are crowded.,Wam contact counterfactuals keeps action-critical alternatives explicit until a physical observation collapses them.
45,arxiv:2505.24382v1,MagicGripper: A Multimodal Sensor-Integrated Gripper for Contact-Rich Robotic Manipulation,2025,arXiv,http://arxiv.org/abs/2505.24382v1,Addresses world-action models for contact-rich manipulation or a neighboring robotics mechanism.,"Prior work usually predicts, ranks, filters, or imitates observed behavior rather than preserving unrealized branches.",The observed outcome is enough to supervise the model.,"Contact mode support, embodiment limits, and deployment perturbations.","Branch collapse, hidden-mode shift, and tail-risk planning failures.",Generic world models and generic uncertainty are crowded.,Wam contact counterfactuals keeps action-critical alternatives explicit until a physical observation collapses them.
46,arxiv:2602.22088v2,Force Policy: Learning Hybrid Force-Position Control Policy under Interaction Frame for Contact-Rich Manipulation,2026,arXiv,http://arxiv.org/abs/2602.22088v2,Addresses world-action models for contact-rich manipulation or a neighboring robotics mechanism.,"Prior work usually predicts, ranks, filters, or imitates observed behavior rather than preserving unrealized branches.",The observed outcome is enough to supervise the model.,"Contact mode support, embodiment limits, and deployment perturbations.","Branch collapse, hidden-mode shift, and tail-risk planning failures.",Generic world models and generic uncertainty are crowded.,Wam contact counterfactuals keeps action-critical alternatives explicit until a physical observation collapses them.
47,arxiv:2605.19029v1,Distributionally Robust Control via Stein Variational Inference for Contact-Rich Manipulation,2026,arXiv,http://arxiv.org/abs/2605.19029v1,Addresses world-action models for contact-rich manipulation or a neighboring robotics mechanism.,"Prior work usually predicts, ranks, filters, or imitates observed behavior rather than preserving unrealized branches.",The observed outcome is enough to supervise the model.,"Contact mode support, embodiment limits, and deployment perturbations.","Branch collapse, hidden-mode shift, and tail-risk planning failures.",Generic world models and generic uncertainty are crowded.,Wam contact counterfactuals keeps action-critical alternatives explicit until a physical observation collapses them.
48,arxiv:2506.22766v1,Robust Peg-in-Hole Assembly under Uncertainties via Compliant and Interactive Contact-Rich Manipulation,2025,arXiv,http://arxiv.org/abs/2506.22766v1,Addresses world-action models for contact-rich manipulation or a neighboring robotics mechanism.,"Prior work usually predicts, ranks, filters, or imitates observed behavior rather than preserving unrealized branches.",The observed outcome is enough to supervise the model.,"Contact mode support, embodiment limits, and deployment perturbations.","Branch collapse, hidden-mode shift, and tail-risk planning failures.",Generic world models and generic uncertainty are crowded.,Wam contact counterfactuals keeps action-critical alternatives explicit until a physical observation collapses them.
49,arxiv:2603.28545v1,ManipArena: Comprehensive Real-world Evaluation of Reasoning-Oriented Generalist Robot Manipulation,2026,arXiv,http://arxiv.org/abs/2603.28545v1,Addresses world-action models for contact-rich manipulation or a neighboring robotics mechanism.,"Prior work usually predicts, ranks, filters, or imitates observed behavior rather than preserving unrealized branches.",The observed outcome is enough to supervise the model.,"Contact mode support, embodiment limits, and deployment perturbations.","Branch collapse, hidden-mode shift, and tail-risk planning failures.",Generic world models and generic uncertainty are crowded.,Wam contact counterfactuals keeps action-critical alternatives explicit until a physical observation collapses them.
50,arxiv:2603.06987v1,Foundational World Models Accurately Detect Bimanual Manipulator Failures,2026,arXiv,http://arxiv.org/abs/2603.06987v1,Addresses world-action models for contact-rich manipulation or a neighboring robotics mechanism.,"Prior work usually predicts, ranks, filters, or imitates observed behavior rather than preserving unrealized branches.",The observed outcome is enough to supervise the model.,"Contact mode support, embodiment limits, and deployment perturbations.","Branch collapse, hidden-mode shift, and tail-risk planning failures.",Generic world models and generic uncertainty are crowded.,Wam contact counterfactuals keeps action-critical alternatives explicit until a physical observation collapses them.
51,arxiv:2302.13212v1,Implicit Contact-Rich Manipulation Planning for a Manipulator with Insufficient Payload,2023,arXiv,http://arxiv.org/abs/2302.13212v1,Addresses world-action models for contact-rich manipulation or a neighboring robotics mechanism.,"Prior work usually predicts, ranks, filters, or imitates observed behavior rather than preserving unrealized branches.",The observed outcome is enough to supervise the model.,"Contact mode support, embodiment limits, and deployment perturbations.","Branch collapse, hidden-mode shift, and tail-risk planning failures.",Generic world models and generic uncertainty are crowded.,Wam contact counterfactuals keeps action-critical alternatives explicit until a physical observation collapses them.
52,arxiv:2604.21741v2,Hi-WM: Human-in-the-World-Model for Scalable Robot Post-Training,2026,arXiv,http://arxiv.org/abs/2604.21741v2,Addresses world-action models for contact-rich manipulation or a neighboring robotics mechanism.,"Prior work usually predicts, ranks, filters, or imitates observed behavior rather than preserving unrealized branches.",The observed outcome is enough to supervise the model.,"Contact mode support, embodiment limits, and deployment perturbations.","Branch collapse, hidden-mode shift, and tail-risk planning failures.",Generic world models and generic uncertainty are crowded.,Wam contact counterfactuals keeps action-critical alternatives explicit until a physical observation collapses them.
53,doi:10.1093/nsr/nwag351,DexAnyTwist: Learning General Dexterous Twisting with Hybrid Manipulation System Identification,2026,National Science Review,https://doi.org/10.1093/nsr/nwag351,Addresses world-action models for contact-rich manipulation or a neighboring robotics mechanism.,"Prior work usually predicts, ranks, filters, or imitates observed behavior rather than preserving unrealized branches.",The observed outcome is enough to supervise the model.,"Contact mode support, embodiment limits, and deployment perturbations.","Branch collapse, hidden-mode shift, and tail-risk planning failures.",Generic world models and generic uncertainty are crowded.,Wam contact counterfactuals keeps action-critical alternatives explicit until a physical observation collapses them.
54,doi:10.1109/iros55552.2023.10341625,Augmentation Enables One-Shot Generalization in Learning from Demonstration for Contact-Rich Manipulation,2023,2023 IEEE/RSJ International Conference on Intelligent Robots and Systems (IROS),https://doi.org/10.1109/iros55552.2023.10341625,Addresses world-action models for contact-rich manipulation or a neighboring robotics mechanism.,"Prior work usually predicts, ranks, filters, or imitates observed behavior rather than preserving unrealized branches.",The observed outcome is enough to supervise the model.,"Contact mode support, embodiment limits, and deployment perturbations.","Branch collapse, hidden-mode shift, and tail-risk planning failures.",Generic world models and generic uncertainty are crowded.,Wam contact counterfactuals keeps action-critical alternatives explicit until a physical observation collapses them.
55,arxiv:2412.11829v3,Robust Contact-rich Manipulation through Implicit Motor Adaptation,2024,arXiv,http://arxiv.org/abs/2412.11829v3,Addresses world-action models for contact-rich manipulation or a neighboring robotics mechanism.,"Prior work usually predicts, ranks, filters, or imitates observed behavior rather than preserving unrealized branches.",The observed outcome is enough to supervise the model.,"Contact mode support, embodiment limits, and deployment perturbations.","Branch collapse, hidden-mode shift, and tail-risk planning failures.",Generic world models and generic uncertainty are crowded.,Wam contact counterfactuals keeps action-critical alternatives explicit until a physical observation collapses them.
56,doi:10.1609/aaai.v40i22.38926,LatentVLA: Taming Latent Space for Generalizable and Long-Horizon Bimanual Manipulation,2026,Proceedings of the AAAI Conference on Artificial Intelligence,https://doi.org/10.1609/aaai.v40i22.38926,Addresses world-action models for contact-rich manipulation or a neighboring robotics mechanism.,"Prior work usually predicts, ranks, filters, or imitates observed behavior rather than preserving unrealized branches.",The observed outcome is enough to supervise the model.,"Contact mode support, embodiment limits, and deployment perturbations.","Branch collapse, hidden-mode shift, and tail-risk planning failures.",Generic world models and generic uncertainty are crowded.,Wam contact counterfactuals keeps action-critical alternatives explicit until a physical observation collapses them.
57,arxiv:2206.12728v3,Learning Preconditions of Hybrid Force-Velocity Controllers for Contact-Rich Manipulation,2022,arXiv,http://arxiv.org/abs/2206.12728v3,Addresses world-action models for contact-rich manipulation or a neighboring robotics mechanism.,"Prior work usually predicts, ranks, filters, or imitates observed behavior rather than preserving unrealized branches.",The observed outcome is enough to supervise the model.,"Contact mode support, embodiment limits, and deployment perturbations.","Branch collapse, hidden-mode shift, and tail-risk planning failures.",Generic world models and generic uncertainty are crowded.,Wam contact counterfactuals keeps action-critical alternatives explicit until a physical observation collapses them.
58,doi:10.3390/s25185898,Multimodal Large Language Model-Enabled Machine Intelligent Fault Diagnosis Method with Non-Contact Dynamic Vision Data,2025,Sensors,https://doi.org/10.3390/s25185898,Addresses world-action models for contact-rich manipulation or a neighboring robotics mechanism.,"Prior work usually predicts, ranks, filters, or imitates observed behavior rather than preserving unrealized branches.",The observed outcome is enough to supervise the model.,"Contact mode support, embodiment limits, and deployment perturbations.","Branch collapse, hidden-mode shift, and tail-risk planning failures.",Generic world models and generic uncertainty are crowded.,Wam contact counterfactuals keeps action-critical alternatives explicit until a physical observation collapses them.
59,arxiv:2602.23648v1,FAVLA: A Force-Adaptive Fast-Slow VLA model for Contact-Rich Robotic Manipulation,2026,arXiv,http://arxiv.org/abs/2602.23648v1,Addresses world-action models for contact-rich manipulation or a neighboring robotics mechanism.,"Prior work usually predicts, ranks, filters, or imitates observed behavior rather than preserving unrealized branches.",The observed outcome is enough to supervise the model.,"Contact mode support, embodiment limits, and deployment perturbations.","Branch collapse, hidden-mode shift, and tail-risk planning failures.",Generic world models and generic uncertainty are crowded.,Wam contact counterfactuals keeps action-critical alternatives explicit until a physical observation collapses them.
60,arxiv:2004.10886v2,Stability-Guaranteed Reinforcement Learning for Contact-rich Manipulation,2020,arXiv,http://arxiv.org/abs/2004.10886v2,Addresses world-action models for contact-rich manipulation or a neighboring robotics mechanism.,"Prior work usually predicts, ranks, filters, or imitates observed behavior rather than preserving unrealized branches.",The observed outcome is enough to supervise the model.,"Contact mode support, embodiment limits, and deployment perturbations.","Branch collapse, hidden-mode shift, and tail-risk planning failures.",Generic world models and generic uncertainty are crowded.,Wam contact counterfactuals keeps action-critical alternatives explicit until a physical observation collapses them.
61,arxiv:2605.27491v1,GE-Sim 2.0: A Roadmap Towards Comprehensive Closed-loop Video World Simulators for Robotic Manipulation,2026,arXiv,http://arxiv.org/abs/2605.27491v1,Addresses world-action models for contact-rich manipulation or a neighboring robotics mechanism.,"Prior work usually predicts, ranks, filters, or imitates observed behavior rather than preserving unrealized branches.",The observed outcome is enough to supervise the model.,"Contact mode support, embodiment limits, and deployment perturbations.","Branch collapse, hidden-mode shift, and tail-risk planning failures.",Generic world models and generic uncertainty are crowded.,Wam contact counterfactuals keeps action-critical alternatives explicit until a physical observation collapses them.
62,arxiv:2601.05230v2,Learning Latent Action World Models In The Wild,2026,arXiv,http://arxiv.org/abs/2601.05230v2,Addresses world-action models for contact-rich manipulation or a neighboring robotics mechanism.,"Prior work usually predicts, ranks, filters, or imitates observed behavior rather than preserving unrealized branches.",The observed outcome is enough to supervise the model.,"Contact mode support, embodiment limits, and deployment perturbations.","Branch collapse, hidden-mode shift, and tail-risk planning failures.",Generic world models and generic uncertainty are crowded.,Wam contact counterfactuals keeps action-critical alternatives explicit until a physical observation collapses them.
63,arxiv:2504.19341v1,PolyTouch: A Robust Multi-Modal Tactile Sensor for Contact-rich Manipulation Using Tactile-Diffusion Policies,2025,arXiv,http://arxiv.org/abs/2504.19341v1,Addresses world-action models for contact-rich manipulation or a neighboring robotics mechanism.,"Prior work usually predicts, ranks, filters, or imitates observed behavior rather than preserving unrealized branches.",The observed outcome is enough to supervise the model.,"Contact mode support, embodiment limits, and deployment perturbations.","Branch collapse, hidden-mode shift, and tail-risk planning failures.",Generic world models and generic uncertainty are crowded.,Wam contact counterfactuals keeps action-critical alternatives explicit until a physical observation collapses them.
64,doi:10.15607/rss.2025.xxi.053,Physics-Driven Data Generation for Contact-Rich Manipulation via Trajectory Optimization,2025,Robotics: Science and Systems XXI,https://doi.org/10.15607/rss.2025.xxi.053,Addresses world-action models for contact-rich manipulation or a neighboring robotics mechanism.,"Prior work usually predicts, ranks, filters, or imitates observed behavior rather than preserving unrealized branches.",The observed outcome is enough to supervise the model.,"Contact mode support, embodiment limits, and deployment perturbations.","Branch collapse, hidden-mode shift, and tail-risk planning failures.",Generic world models and generic uncertainty are crowded.,Wam contact counterfactuals keeps action-critical alternatives explicit until a physical observation collapses them.
65,doi:10.1609/aaai.v40i5.37353,Panda: Test-Time Adaptation with Negative Data Augmentation,2026,Proceedings of the AAAI Conference on Artificial Intelligence,https://doi.org/10.1609/aaai.v40i5.37353,Addresses world-action models for contact-rich manipulation or a neighboring robotics mechanism.,"Prior work usually predicts, ranks, filters, or imitates observed behavior rather than preserving unrealized branches.",The observed outcome is enough to supervise the model.,"Contact mode support, embodiment limits, and deployment perturbations.","Branch collapse, hidden-mode shift, and tail-risk planning failures.",Generic world models and generic uncertainty are crowded.,Wam contact counterfactuals keeps action-critical alternatives explicit until a physical observation collapses them.
66,doi:10.1161/circ.152.suppl_3.4365647,Abstract 4365647: Prediction of Mortality and Morbidity After Acute Myocardial Infarction Using Medication-Enriched Real-World Clinical Data and Machine Learning,2025,Circulation,https://doi.org/10.1161/circ.152.suppl_3.4365647,Addresses world-action models for contact-rich manipulation or a neighboring robotics mechanism.,"Prior work usually predicts, ranks, filters, or imitates observed behavior rather than preserving unrealized branches.",The observed outcome is enough to supervise the model.,"Contact mode support, embodiment limits, and deployment perturbations.","Branch collapse, hidden-mode shift, and tail-risk planning failures.",Generic world models and generic uncertainty are crowded.,Wam contact counterfactuals keeps action-critical alternatives explicit until a physical observation collapses them.
67,doi:10.1002/adrr.202500109,Identifying Physical Interactions in Contact‐Based Robot Manipulation for Learning from Demonstration,2025,Advanced Robotics Research,https://doi.org/10.1002/adrr.202500109,Addresses world-action models for contact-rich manipulation or a neighboring robotics mechanism.,"Prior work usually predicts, ranks, filters, or imitates observed behavior rather than preserving unrealized branches.",The observed outcome is enough to supervise the model.,"Contact mode support, embodiment limits, and deployment perturbations.","Branch collapse, hidden-mode shift, and tail-risk planning failures.",Generic world models and generic uncertainty are crowded.,Wam contact counterfactuals keeps action-critical alternatives explicit until a physical observation collapses them.
68,arxiv:2606.12403v1,World Pilot: Steering Vision-Language-Action Models with World-Action Priors,2026,arXiv,http://arxiv.org/abs/2606.12403v1,Addresses world-action models for contact-rich manipulation or a neighboring robotics mechanism.,"Prior work usually predicts, ranks, filters, or imitates observed behavior rather than preserving unrealized branches.",The observed outcome is enough to supervise the model.,"Contact mode support, embodiment limits, and deployment perturbations.","Branch collapse, hidden-mode shift, and tail-risk planning failures.",Generic world models and generic uncertainty are crowded.,Wam contact counterfactuals keeps action-critical alternatives explicit until a physical observation collapses them.
69,arxiv:2605.27972v1,Simultaneous Contact Selection and Planning for Contact-Rich Manipulation with Cascaded Optimization,2026,arXiv,http://arxiv.org/abs/2605.27972v1,Addresses world-action models for contact-rich manipulation or a neighboring robotics mechanism.,"Prior work usually predicts, ranks, filters, or imitates observed behavior rather than preserving unrealized branches.",The observed outcome is enough to supervise the model.,"Contact mode support, embodiment limits, and deployment perturbations.","Branch collapse, hidden-mode shift, and tail-risk planning failures.",Generic world models and generic uncertainty are crowded.,Wam contact counterfactuals keeps action-critical alternatives explicit until a physical observation collapses them.
70,arxiv:2601.15541v2,CompliantVLA-adaptor: VLM-Guided Variable Impedance Action for Safe Contact-Rich Manipulation,2026,arXiv,http://arxiv.org/abs/2601.15541v2,Addresses world-action models for contact-rich manipulation or a neighboring robotics mechanism.,"Prior work usually predicts, ranks, filters, or imitates observed behavior rather than preserving unrealized branches.",The observed outcome is enough to supervise the model.,"Contact mode support, embodiment limits, and deployment perturbations.","Branch collapse, hidden-mode shift, and tail-risk planning failures.",Generic world models and generic uncertainty are crowded.,Wam contact counterfactuals keeps action-critical alternatives explicit until a physical observation collapses them.
71,arxiv:2503.08548v1,TLA: Tactile-Language-Action Model for Contact-Rich Manipulation,2025,arXiv,http://arxiv.org/abs/2503.08548v1,Addresses world-action models for contact-rich manipulation or a neighboring robotics mechanism.,"Prior work usually predicts, ranks, filters, or imitates observed behavior rather than preserving unrealized branches.",The observed outcome is enough to supervise the model.,"Contact mode support, embodiment limits, and deployment perturbations.","Branch collapse, hidden-mode shift, and tail-risk planning failures.",Generic world models and generic uncertainty are crowded.,Wam contact counterfactuals keeps action-critical alternatives explicit until a physical observation collapses them.
72,arxiv:2604.03759v1,Build on Priors: Vision--Language--Guided Neuro-Symbolic Imitation Learning for Data-Efficient Real-World Robot Manipulation,2026,arXiv,http://arxiv.org/abs/2604.03759v1,Addresses world-action models for contact-rich manipulation or a neighboring robotics mechanism.,"Prior work usually predicts, ranks, filters, or imitates observed behavior rather than preserving unrealized branches.",The observed outcome is enough to supervise the model.,"Contact mode support, embodiment limits, and deployment perturbations.","Branch collapse, hidden-mode shift, and tail-risk planning failures.",Generic world models and generic uncertainty are crowded.,Wam contact counterfactuals keeps action-critical alternatives explicit until a physical observation collapses them.
73,arxiv:2502.16908v2,A low-cost and lightweight 6 DoF bimanual arm for dynamic and contact-rich manipulation,2025,arXiv,http://arxiv.org/abs/2502.16908v2,Addresses world-action models for contact-rich manipulation or a neighboring robotics mechanism.,"Prior work usually predicts, ranks, filters, or imitates observed behavior rather than preserving unrealized branches.",The observed outcome is enough to supervise the model.,"Contact mode support, embodiment limits, and deployment perturbations.","Branch collapse, hidden-mode shift, and tail-risk planning failures.",Generic world models and generic uncertainty are crowded.,Wam contact counterfactuals keeps action-critical alternatives explicit until a physical observation collapses them.
74,doi:10.1016/j.cardfail.2025.01.003,A Critical Time for Tafamidis in the Real World – Will the Data Support its First Mover Advantage?,2025,Journal of Cardiac Failure,https://doi.org/10.1016/j.cardfail.2025.01.003,Addresses world-action models for contact-rich manipulation or a neighboring robotics mechanism.,"Prior work usually predicts, ranks, filters, or imitates observed behavior rather than preserving unrealized branches.",The observed outcome is enough to supervise the model.,"Contact mode support, embodiment limits, and deployment perturbations.","Branch collapse, hidden-mode shift, and tail-risk planning failures.",Generic world models and generic uncertainty are crowded.,Wam contact counterfactuals keeps action-critical alternatives explicit until a physical observation collapses them.
75,arxiv:2603.12193v1,SaPaVe: Towards Active Perception and Manipulation in Vision-Language-Action Models for Robotics,2026,arXiv,http://arxiv.org/abs/2603.12193v1,Addresses world-action models for contact-rich manipulation or a neighboring robotics mechanism.,"Prior work usually predicts, ranks, filters, or imitates observed behavior rather than preserving unrealized branches.",The observed outcome is enough to supervise the model.,"Contact mode support, embodiment limits, and deployment perturbations.","Branch collapse, hidden-mode shift, and tail-risk planning failures.",Generic world models and generic uncertainty are crowded.,Wam contact counterfactuals keeps action-critical alternatives explicit until a physical observation collapses them.
76,doi:10.3390/sym18030394,PI-VLA: Adaptive Symmetry-Aware Decision-Making for Long-Horizon Vision–Language–Action Manipulation,2026,Symmetry,https://doi.org/10.3390/sym18030394,Addresses world-action models for contact-rich manipulation or a neighboring robotics mechanism.,"Prior work usually predicts, ranks, filters, or imitates observed behavior rather than preserving unrealized branches.",The observed outcome is enough to supervise the model.,"Contact mode support, embodiment limits, and deployment perturbations.","Branch collapse, hidden-mode shift, and tail-risk planning failures.",Generic world models and generic uncertainty are crowded.,Wam contact counterfactuals keeps action-critical alternatives explicit until a physical observation collapses them.
77,arxiv:2601.07821v1,Failure-Aware RL: Reliable Offline-to-Online Reinforcement Learning with Self-Recovery for Real-World Manipulation,2026,arXiv,http://arxiv.org/abs/2601.07821v1,Addresses world-action models for contact-rich manipulation or a neighboring robotics mechanism.,"Prior work usually predicts, ranks, filters, or imitates observed behavior rather than preserving unrealized branches.",The observed outcome is enough to supervise the model.,"Contact mode support, embodiment limits, and deployment perturbations.","Branch collapse, hidden-mode shift, and tail-risk planning failures.",Generic world models and generic uncertainty are crowded.,Wam contact counterfactuals keeps action-critical alternatives explicit until a physical observation collapses them.
78,arxiv:2308.07741v3,Real Robot Challenge 2022: Learning Dexterous Manipulation from Offline Data in the Real World,2023,arXiv,http://arxiv.org/abs/2308.07741v3,Addresses world-action models for contact-rich manipulation or a neighboring robotics mechanism.,"Prior work usually predicts, ranks, filters, or imitates observed behavior rather than preserving unrealized branches.",The observed outcome is enough to supervise the model.,"Contact mode support, embodiment limits, and deployment perturbations.","Branch collapse, hidden-mode shift, and tail-risk planning failures.",Generic world models and generic uncertainty are crowded.,Wam contact counterfactuals keeps action-critical alternatives explicit until a physical observation collapses them.
79,doi:10.1109/arso56563.2023.10187436,An Open Tele-Impedance Framework to Generate Data for Contact-Rich Tasks in Robotic Manipulation,2023,2023 IEEE International Conference on Advanced Robotics and Its Social Impacts (ARSO),https://doi.org/10.1109/arso56563.2023.10187436,Addresses world-action models for contact-rich manipulation or a neighboring robotics mechanism.,"Prior work usually predicts, ranks, filters, or imitates observed behavior rather than preserving unrealized branches.",The observed outcome is enough to supervise the model.,"Contact mode support, embodiment limits, and deployment perturbations.","Branch collapse, hidden-mode shift, and tail-risk planning failures.",Generic world models and generic uncertainty are crowded.,Wam contact counterfactuals keeps action-critical alternatives explicit until a physical observation collapses them.
80,doi:10.1108/ir-03-2025-0080,Human-assisted reinforcement learning and dynamic force patterns in contact-rich manipulation for robotic disassembly,2026,Industrial Robot: the international journal of robotics research and application,https://doi.org/10.1108/ir-03-2025-0080,Addresses world-action models for contact-rich manipulation or a neighboring robotics mechanism.,"Prior work usually predicts, ranks, filters, or imitates observed behavior rather than preserving unrealized branches.",The observed outcome is enough to supervise the model.,"Contact mode support, embodiment limits, and deployment perturbations.","Branch collapse, hidden-mode shift, and tail-risk planning failures.",Generic world models and generic uncertainty are crowded.,Wam contact counterfactuals keeps action-critical alternatives explicit until a physical observation collapses them.
81,arxiv:2412.09743v3,Should We Learn Contact-Rich Manipulation Policies from Sampling-Based Planners?,2024,arXiv,http://arxiv.org/abs/2412.09743v3,Addresses world-action models for contact-rich manipulation or a neighboring robotics mechanism.,"Prior work usually predicts, ranks, filters, or imitates observed behavior rather than preserving unrealized branches.",The observed outcome is enough to supervise the model.,"Contact mode support, embodiment limits, and deployment perturbations.","Branch collapse, hidden-mode shift, and tail-risk planning failures.",Generic world models and generic uncertainty are crowded.,Wam contact counterfactuals keeps action-critical alternatives explicit until a physical observation collapses them.
82,doi:10.1101/2024.06.10.24308687,Deep learning of SARS-CoV-2 outbreak phylodynamics with contact tracing data,,,https://doi.org/10.1101/2024.06.10.24308687,Addresses world-action models for contact-rich manipulation or a neighboring robotics mechanism.,"Prior work usually predicts, ranks, filters, or imitates observed behavior rather than preserving unrealized branches.",The observed outcome is enough to supervise the model.,"Contact mode support, embodiment limits, and deployment perturbations.","Branch collapse, hidden-mode shift, and tail-risk planning failures.",Generic world models and generic uncertainty are crowded.,Wam contact counterfactuals keeps action-critical alternatives explicit until a physical observation collapses them.
83,doi:10.1109/lra.2020.2996067,Data-Efficient Model Learning and Prediction for Contact-Rich Manipulation Tasks,2020,IEEE Robotics and Automation Letters,https://doi.org/10.1109/lra.2020.2996067,Addresses world-action models for contact-rich manipulation or a neighboring robotics mechanism.,"Prior work usually predicts, ranks, filters, or imitates observed behavior rather than preserving unrealized branches.",The observed outcome is enough to supervise the model.,"Contact mode support, embodiment limits, and deployment perturbations.","Branch collapse, hidden-mode shift, and tail-risk planning failures.",Generic world models and generic uncertainty are crowded.,Wam contact counterfactuals keeps action-critical alternatives explicit until a physical observation collapses them.
84,arxiv:2603.03279v1,ULTRA: Unified Multimodal Control for Autonomous Humanoid Whole-Body Loco-Manipulation,2026,arXiv,http://arxiv.org/abs/2603.03279v1,Addresses world-action models for contact-rich manipulation or a neighboring robotics mechanism.,"Prior work usually predicts, ranks, filters, or imitates observed behavior rather than preserving unrealized branches.",The observed outcome is enough to supervise the model.,"Contact mode support, embodiment limits, and deployment perturbations.","Branch collapse, hidden-mode shift, and tail-risk planning failures.",Generic world models and generic uncertainty are crowded.,Wam contact counterfactuals keeps action-critical alternatives explicit until a physical observation collapses them.
85,doi:10.1038/s41598-025-14478-y,Advanced deep learning modeling to enhance detection of defective photovoltaic cells in electroluminescence images,2025,Scientific Reports,https://doi.org/10.1038/s41598-025-14478-y,Addresses world-action models for contact-rich manipulation or a neighboring robotics mechanism.,"Prior work usually predicts, ranks, filters, or imitates observed behavior rather than preserving unrealized branches.",The observed outcome is enough to supervise the model.,"Contact mode support, embodiment limits, and deployment perturbations.","Branch collapse, hidden-mode shift, and tail-risk planning failures.",Generic world models and generic uncertainty are crowded.,Wam contact counterfactuals keeps action-critical alternatives explicit until a physical observation collapses them.
86,doi:10.1109/humanoids47582.2021.9555680,Safe Data-Driven Contact-Rich Manipulation,2021,2020 IEEE-RAS 20th International Conference on Humanoid Robots (Humanoids),https://doi.org/10.1109/humanoids47582.2021.9555680,Addresses world-action models for contact-rich manipulation or a neighboring robotics mechanism.,"Prior work usually predicts, ranks, filters, or imitates observed behavior rather than preserving unrealized branches.",The observed outcome is enough to supervise the model.,"Contact mode support, embodiment limits, and deployment perturbations.","Branch collapse, hidden-mode shift, and tail-risk planning failures.",Generic world models and generic uncertainty are crowded.,Wam contact counterfactuals keeps action-critical alternatives explicit until a physical observation collapses them.
87,arxiv:2109.12103v2,RMPs for Safe Impedance Control in Contact-Rich Manipulation,2021,arXiv,http://arxiv.org/abs/2109.12103v2,Addresses world-action models for contact-rich manipulation or a neighboring robotics mechanism.,"Prior work usually predicts, ranks, filters, or imitates observed behavior rather than preserving unrealized branches.",The observed outcome is enough to supervise the model.,"Contact mode support, embodiment limits, and deployment perturbations.","Branch collapse, hidden-mode shift, and tail-risk planning failures.",Generic world models and generic uncertainty are crowded.,Wam contact counterfactuals keeps action-critical alternatives explicit until a physical observation collapses them.
88,doi:10.20944/preprints202511.1245.v1,Beyond Data Moore’s Law: Towards Sustainable Scaling of Foundation Models,,,https://doi.org/10.20944/preprints202511.1245.v1,Addresses world-action models for contact-rich manipulation or a neighboring robotics mechanism.,"Prior work usually predicts, ranks, filters, or imitates observed behavior rather than preserving unrealized branches.",The observed outcome is enough to supervise the model.,"Contact mode support, embodiment limits, and deployment perturbations.","Branch collapse, hidden-mode shift, and tail-risk planning failures.",Generic world models and generic uncertainty are crowded.,Wam contact counterfactuals keeps action-critical alternatives explicit until a physical observation collapses them.
89,doi:10.62311/nesx/rb-978-81-999716-2-2,Data-Driven Robotics: Vision–Language–Action Learning for Robust Manipulation and Autonomy,2026,,https://doi.org/10.62311/nesx/rb-978-81-999716-2-2,Addresses world-action models for contact-rich manipulation or a neighboring robotics mechanism.,"Prior work usually predicts, ranks, filters, or imitates observed behavior rather than preserving unrealized branches.",The observed outcome is enough to supervise the model.,"Contact mode support, embodiment limits, and deployment perturbations.","Branch collapse, hidden-mode shift, and tail-risk planning failures.",Generic world models and generic uncertainty are crowded.,Wam contact counterfactuals keeps action-critical alternatives explicit until a physical observation collapses them.
90,doi:10.3389/frobt.2026.1746577,Fast reprogramming and adaptive reproduction of contact-rich assembly,2026,Frontiers in Robotics and AI,https://doi.org/10.3389/frobt.2026.1746577,Addresses world-action models for contact-rich manipulation or a neighboring robotics mechanism.,"Prior work usually predicts, ranks, filters, or imitates observed behavior rather than preserving unrealized branches.",The observed outcome is enough to supervise the model.,"Contact mode support, embodiment limits, and deployment perturbations.","Branch collapse, hidden-mode shift, and tail-risk planning failures.",Generic world models and generic uncertainty are crowded.,Wam contact counterfactuals keeps action-critical alternatives explicit until a physical observation collapses them.
91,arxiv:2206.10787v2,Global Planning for Contact-Rich Manipulation via Local Smoothing of Quasi-dynamic Contact Models,2022,arXiv,http://arxiv.org/abs/2206.10787v2,Addresses world-action models for contact-rich manipulation or a neighboring robotics mechanism.,"Prior work usually predicts, ranks, filters, or imitates observed behavior rather than preserving unrealized branches.",The observed outcome is enough to supervise the model.,"Contact mode support, embodiment limits, and deployment perturbations.","Branch collapse, hidden-mode shift, and tail-risk planning failures.",Generic world models and generic uncertainty are crowded.,Wam contact counterfactuals keeps action-critical alternatives explicit until a physical observation collapses them.
92,arxiv:2508.17600v2,GWM: Towards Scalable Gaussian World Models for Robotic Manipulation,2025,arXiv,http://arxiv.org/abs/2508.17600v2,Addresses world-action models for contact-rich manipulation or a neighboring robotics mechanism.,"Prior work usually predicts, ranks, filters, or imitates observed behavior rather than preserving unrealized branches.",The observed outcome is enough to supervise the model.,"Contact mode support, embodiment limits, and deployment perturbations.","Branch collapse, hidden-mode shift, and tail-risk planning failures.",Generic world models and generic uncertainty are crowded.,Wam contact counterfactuals keeps action-critical alternatives explicit until a physical observation collapses them.
93,arxiv:2509.17812v2,Tac2Motion: Contact-Aware Reinforcement Learning with Tactile Feedback for Robotic Hand Manipulation,2025,arXiv,http://arxiv.org/abs/2509.17812v2,Addresses world-action models for contact-rich manipulation or a neighboring robotics mechanism.,"Prior work usually predicts, ranks, filters, or imitates observed behavior rather than preserving unrealized branches.",The observed outcome is enough to supervise the model.,"Contact mode support, embodiment limits, and deployment perturbations.","Branch collapse, hidden-mode shift, and tail-risk planning failures.",Generic world models and generic uncertainty are crowded.,Wam contact counterfactuals keeps action-critical alternatives explicit until a physical observation collapses them.
94,arxiv:2605.27724v1,HumanoidMimicGen: Data Generation for Loco-Manipulation via Whole-Body Planning,2026,arXiv,http://arxiv.org/abs/2605.27724v1,Addresses world-action models for contact-rich manipulation or a neighboring robotics mechanism.,"Prior work usually predicts, ranks, filters, or imitates observed behavior rather than preserving unrealized branches.",The observed outcome is enough to supervise the model.,"Contact mode support, embodiment limits, and deployment perturbations.","Branch collapse, hidden-mode shift, and tail-risk planning failures.",Generic world models and generic uncertainty are crowded.,Wam contact counterfactuals keeps action-critical alternatives explicit until a physical observation collapses them.
95,arxiv:2509.19454v2,ROPA: Synthetic Robot Pose Generation for RGB-D Bimanual Data Augmentation,2025,arXiv,http://arxiv.org/abs/2509.19454v2,Addresses world-action models for contact-rich manipulation or a neighboring robotics mechanism.,"Prior work usually predicts, ranks, filters, or imitates observed behavior rather than preserving unrealized branches.",The observed outcome is enough to supervise the model.,"Contact mode support, embodiment limits, and deployment perturbations.","Branch collapse, hidden-mode shift, and tail-risk planning failures.",Generic world models and generic uncertainty are crowded.,Wam contact counterfactuals keeps action-critical alternatives explicit until a physical observation collapses them.
96,doi:10.1108/ria-01-2023-0002,A novel human-robot skill transfer method for contact-rich manipulation task,2023,Robotic Intelligence and Automation,https://doi.org/10.1108/ria-01-2023-0002,Addresses world-action models for contact-rich manipulation or a neighboring robotics mechanism.,"Prior work usually predicts, ranks, filters, or imitates observed behavior rather than preserving unrealized branches.",The observed outcome is enough to supervise the model.,"Contact mode support, embodiment limits, and deployment perturbations.","Branch collapse, hidden-mode shift, and tail-risk planning failures.",Generic world models and generic uncertainty are crowded.,Wam contact counterfactuals keeps action-critical alternatives explicit until a physical observation collapses them.
97,doi:10.1080/01691864.2025.2524553,Dexterous grasp data augmentation based on grasp synthesis with fingertip workspace cloud and contact-aware sampling,2026,arXiv,http://arxiv.org/abs/2603.16609v1,Addresses world-action models for contact-rich manipulation or a neighboring robotics mechanism.,"Prior work usually predicts, ranks, filters, or imitates observed behavior rather than preserving unrealized branches.",The observed outcome is enough to supervise the model.,"Contact mode support, embodiment limits, and deployment perturbations.","Branch collapse, hidden-mode shift, and tail-risk planning failures.",Generic world models and generic uncertainty are crowded.,Wam contact counterfactuals keeps action-critical alternatives explicit until a physical observation collapses them.
98,arxiv:2411.12982v1,Hierarchical Diffusion Policy: manipulation trajectory generation via contact guidance,2024,arXiv,http://arxiv.org/abs/2411.12982v1,Addresses world-action models for contact-rich manipulation or a neighboring robotics mechanism.,"Prior work usually predicts, ranks, filters, or imitates observed behavior rather than preserving unrealized branches.",The observed outcome is enough to supervise the model.,"Contact mode support, embodiment limits, and deployment perturbations.","Branch collapse, hidden-mode shift, and tail-risk planning failures.",Generic world models and generic uncertainty are crowded.,Wam contact counterfactuals keeps action-critical alternatives explicit until a physical observation collapses them.
99,doi:10.1609/aaai.v40i22.38955,Gentle Manipulation Policy Learning via Demonstrations from VLM Planned Atomic Skills,2026,Proceedings of the AAAI Conference on Artificial Intelligence,https://doi.org/10.1609/aaai.v40i22.38955,Addresses world-action models for contact-rich manipulation or a neighboring robotics mechanism.,"Prior work usually predicts, ranks, filters, or imitates observed behavior rather than preserving unrealized branches.",The observed outcome is enough to supervise the model.,"Contact mode support, embodiment limits, and deployment perturbations.","Branch collapse, hidden-mode shift, and tail-risk planning failures.",Generic world models and generic uncertainty are crowded.,Wam contact counterfactuals keeps action-critical alternatives explicit until a physical observation collapses them.
100,doi:10.1177/09596518251350353,Towards cost-effective and safe contact-rich robotic manipulation with reinforcement learning: A review of techniques for future industrial automation,2026,"Proceedings of the Institution of Mechanical Engineers, Part I: Journal of Systems and Control Engineering",https://doi.org/10.1177/09596518251350353,Addresses world-action models for contact-rich manipulation or a neighboring robotics mechanism.,"Prior work usually predicts, ranks, filters, or imitates observed behavior rather than preserving unrealized branches.",The observed outcome is enough to supervise the model.,"Contact mode support, embodiment limits, and deployment perturbations.","Branch collapse, hidden-mode shift, and tail-risk planning failures.",Generic world models and generic uncertainty are crowded.,Wam contact counterfactuals keeps action-critical alternatives explicit until a physical observation collapses them.
